passenger_id,FirstName,LastName,DOB,email,telNo,Address_Street,Address_City,Address_Postcode,Address_State,Country
1,Emma,Best,2010-02-04,emmabest@gmail.com,14152379283,1 Microsoft Way,Redmond,77469,Washington,United States of America
2,Olivia,Wiggins,1979-06-20,oliviawiggins@gmail.com,17829361526,16 Bedford St,Boston,21151,Massachusetts,United States of America
3,Ava,Barton,1990-05-17,avabarton@gmail.com,17829361527,48 Mortig Rd,Easton,24646,Massachusetts,United States of America
4,Isabella,Maldonado,1971-09-27,isabellamaldonado@gmail.com,18486721823,34 Englewood Cliffs,Athens ,34356,Florida,United States of America
5,Sophia,Solomon,1983-03-21,sophiasolomon@gmail.com,17352618294,22 Water Street,Auburn,14244,Idaho,United States of America
6,Charlotte,Mathis,1979-12-26,charlottemathis@gmail.com,12637483920,16 Bedford St,Birmingham,32123,Maine,United States of America
7,Mia,Reese,2004-11-18,miareese@gmail.com,14325168394,4 Maylands Avenue,Dothan,64372,Maryland,United States of America
8,Amelia,Houston,2000-04-21,ameliahouston@gmail.com,1263849563,8 Cherry Street,Florence,84639,Minnesota,United States of America
9,Harper,Shelton,1984-01-27,harpershelton@gmail.com,11019278364,1 St Paul's Churchyard,Huntsville,93826,New Jersey,United States of America
10,Evelyn,Holloway,1969-07-15,evelynholloway@gmail.com,17273649283,5 Chancery Lane,Ozark,372639,Georgia,United States of America
11,Abigail,Martinez,1973-10-19,abigailmartinez@gmail.com,17263918274,25 Allenby Road,Pheonix,74804,Georgia,United States of America
12,Emily,Wang,1975-09-04,emilywang@gmail.com,11928374632,63 Kew Green,Greenville,73625,California,United States of America
13,Elizabeth,Cabrera,2001-03-13,elizabethcabrera@gmail.com,126374927364,81 Digby Crescent,Palmer,83928,California,United States of America
14,Mila,Shelton,1997-04-29,milashelton@gmail.com,11625374927,11 Gate House Rd,Valdez,73649,California,United States of America
15,Ella,Russell,1969-08-06,ellarussell@gmail.com,1374625743,31 Lucas Road,Nome,84937,Florida,United States of America
16,Avery,Massey,1999-02-12,averymassey@gmail.com,18263451082,11 Rosedale Avenue,Clifton,836749,California,United States of America
17,Sofia,Sexton,1995-05-22,sofiasexton@gmail.com,17362530192,155 Kingston Road,Douglas,948467,Delaware,United States of America
18,Camila,Meadows,1997-05-13,camilameadows@gmail.com,12107493723,24 Sand Road,Kingman,84905,Alaska,United States of America
19,Aria,Hodge,1986-01-03,ariahodge@gmail.com,17290137625,55 Pumpkin Street,Gendale,73625,Colorado,United States of America
20,Scarlett,Reese,1988-07-13,scarlettreese@gmail.com,17152639402,89 Lollipop Lane,Mesa,83726,Arkansas,United States of America
21,Victoria,Herring,1975-06-09,victoriaherring@gmail.com,17321632901,64 Gator Street,Chandler,39484,Alabama,United States of America
22,Madison,Davenport,1974-05-22,madisondavenport@gmail.com,11426384028,21 Faint Street,Camden,90909,Connecticut,United States of America
23,Luna,Gomez,1968-03-29,lunagomez@gmail.com,11628394023,65 Verse Road,Crosett,87594,Colorado,United States of America
24,Grace,Miranda,1990-02-22,gracemiranda@gmail.com,130281726384,178 Group Lane,Harrison,75837,Missouri,United States of America
25,Chloe,Barrera,1978-10-09,chloebarrera@gmail.com,1983726484,23 Service Road,Jacksonville,74635,Michigan,United States of America
26,Liam,Brandt,2010-02-25,liambrandt@gmail.com,612638127364,30 Thomas Lane ,Heidelberg West,3081,Victoria,Australia
27,Noah,Jenkins,2006-09-04,noahjenkins@gmail.com,617489392734,79 Boorie Road,Barker Creek Flat,4615,Queensland,Australia
28,William,Morgan,1983-05-12,williammorgan@gmail.com,611527384905,53 Villeneuve Street,Chintin,3756,Victoria,Australia
29,James,Haynes,1970-11-06,jameshaynes@gmail.com,612136472348,23 Burnley Street,Noarlunga Centre,5168,South Australia,Australia
30,Oliver,Walsh,1982-10-25,oliverwalsh@gmail.com,617463527384,53 Commercial Street,Rochford,3442,Victoria,Australia
31,Benjamin,Spence,1974-05-13,benjaminspence@gmail.com,612938465290,4 Tooraweenah Road,Fifield,2875,New South Wales,Australia
32,Elijah,Barton,1987-05-26,elijahbarton@gmail.com,613746281937,76 Thone Street,Wingham,2429,New South Wales,Australia
33,Lucas,York,1968-06-24,lucasyork@gmail.com,617263926384,66 Rimbanda Road,Liston,2372,New South Wales,Australia
34,Mason,Mendez,1992-06-12,masonmendez@gmail.com,612153729384,99 Manchester Road,Cravem Plateau,2422,New South Wales,Australia
35,Logan,Navarro,2005-01-20,logannavarro@gmail.com,444948273645,3031 st. John Street,Bengough,S4P3Y2,Saskatchewan,Canada
36,Alexander,Jenkins,1978-10-10,alexanderjenkins@gmail.com,449384037263,1640 Ste. Catherine Ouest,Montreal,H3K2C3,Quebec,Canada
37,Ethan,Joyce,1974-11-19,ethanjoyce@gmail.com,443748736485,3977 rue Saint-Antoine,Granby,J2H2H5,Quebec,Canada
38,Jacob,Russell,1976-09-02,jacobrussell@gmail.com,44736253489,4866 Nelson Street,Dubreuilville,P0S180,Ontario,Canada
39,Michael,Jennings,1984-08-17,michaeljennings@gmail.com,442637492837,7384 Isabella Street,Pembroke,K8A5S5,Ontario,Canada
40,Henry,Carney,1969-07-14,henrycarney@gmail.com,449384756283,9485 Burdett Avenue,Victoria ,V8V1Y7,British Columbia,Canada
41,Jackson,Evans,1987-05-06,jacksonevans@gmail.com,443483927394,8495 Derry Road,Malton,L4T1A8,Ontario,Canada
42,Sebastian,Walsh,1975-10-13,sebastianwalsh@gmail.com,447382938476,6384 James Street,Waterford,N0E1Y0,Ontario,Canada
43,Aiden,Griffin,2001-01-19,aidengriffin@gmail.com,447483748749,4854 th Street,Edmonton,T5J2R4,Alberta,Canada
44,Matthew,Leon,1991-02-14,matthewleon@gmail.com,447162738495,3149  boulevard des Laurentides,Montreal,G9A1V7,Quebec,Canada
45,Samuel,Stuart,1985-03-08,samuelstuart@gmail.com,446374950284,9038 Bank St,Ottawa,k1H7Z1,Ontario,Canada
46,David,Barton,2009-09-29,davidbarton@gmail.com,443648957263,4043 Kennedy Road,Peterborough,K9J7K6,Ontario,Canada
47,Joseph,Solomon,1984-03-22,josephsolomon@gmail.com,441627394736,6794 Whitmore Road,Woodbridge,L0L0L0,Ontario,Canada
48,Carter,Meyer,1992-12-30,cartermeyer@gmail.com,447468493847,8374 Stoney Creek,Goodeve,S4P3Y2,Saskatchewan,Canada
49,Owen,Barton,1971-12-15,owenbarton@gmail.com,449048274950,7495 Victoria Park Ave,Toronto,M2J3T7,Toronto,Canada